N,P,K,ph
90,42,43,6.502985292
85,58,41,7.038096361
60,55,44,7.840207144
74,35,40,6.980400905
78,42,42,7.628472891
69,37,42,7.073453503
69,55,38,5.70080568
94,53,40,5.718627178
89,54,38,6.685346424
68,58,38,6.336253525
91,53,40,5.386167788
90,46,42,7.50283396
78,58,44,5.108681786
93,56,36,6.98435366
94,50,37,6.94801983
60,48,39,7.042299069
85,38,41,6.249050656
91,35,39,6.970859754
77,38,36,5.953933276
88,35,40,5.85393208
89,45,36,6.442475375
76,40,43,5.070175667
67,59,41,6.012632591
83,41,43,6.254028451
98,47,37,7.375482851
66,53,41,7.778915154
97,59,43,6.286500176
97,50,41,7.070959995
60,49,44,6.244841491
84,51,35,6.043304899
73,57,41,5.824709117
92,35,40,6.357389366
85,37,39,6.364134968
98,53,38,5.01450727
88,54,44,6.149410611
95,55,42,5.950660556
99,57,35,5.960370061
95,39,36,5.561398642
60,43,44,7.416245107
63,44,41,5.583370042
62,42,36,6.430010215
64,45,43,5.534878156
83,60,36,6.903985986
82,40,40,6.271478838
85,52,45,7.224285503
91,35,38,6.13428721
76,49,42,5.206373153
74,39,38,7.782051313
79,43,39,7.062779015
88,55,45,7.730367824
60,36,43,5.286203711
76,60,39,6.766240045
93,56,42,7.382762603
65,60,43,5.658169482
95,52,36,5.543360238
75,38,39,6.215109715
74,54,38,7.120272972
91,36,45,5.950647577
71,46,40,7.236705436
99,55,35,6.501697816
72,40,38,7.592490617
83,58,45,5.875345751
93,58,38,6.932400225
70,36,42,6.946209881
76,47,42,5.739175027
99,41,36,6.738652179
99,54,37,5.594819626
86,59,35,6.946636369
69,46,41,5.012139669
91,56,37,6.363472208
61,52,41,6.880431223
67,45,38,7.300410836
79,42,37,6.587918708
78,43,42,7.283736617
75,54,36,7.023936392
97,36,45,6.939083505
67,47,44,7.868474653
73,35,38,5.005306977
77,36,37,6.136131869
81,41,38,7.524080076
68,57,43,5.706943251
72,45,35,5.758506323
61,53,43,6.349606327
67,43,39,5.999969026
67,58,39,5.453592032
66,60,38,6.372576327
82,43,38,5.105588355
84,50,44,5.935344406
81,53,42,5.17782304
91,50,40,6.462391607
93,53,38,7.069172227
90,44,38,7.473134377
81,45,35,6.158376967
78,40,38,7.549873681
60,51,36,6.028321558
88,46,42,6.604993475
93,47,37,6.500343222
60,55,45,5.935745417
78,35,44,7.072655622
65,37,40,5.333322606
71,54,16,5.749914421
61,44,17,6.931756558
80,43,16,6.657964753
73,58,21,6.596060648
61,38,20,5.970458434
68,41,16,6.158830619
93,41,17,6.047906679
89,60,19,5.913664501
76,44,17,5.855442401
67,60,25,5.750254943
70,44,19,5.852607099
90,49,21,6.472523287
62,52,16,6.967057762
92,44,16,6.082973754
66,54,21,5.919045532
63,58,22,6.204747653
70,47,17,6.600827017
61,41,17,6.021902237
66,53,19,6.033550195
74,55,19,6.28886807
77,57,21,6.550563823
99,50,15,5.573286437
74,56,22,6.829199275
83,45,21,5.716222912
100,48,16,5.54990242
79,51,16,6.586244581
94,39,18,5.893093135
75,49,15,5.918263801
78,48,22,5.588650585
87,54,20,6.576418207
87,35,25,6.178056304
63,43,19,6.641906353
84,57,25,6.489040367
64,35,23,5.680361038
60,46,22,6.625404348
98,44,21,6.524478032
75,56,18,5.696205468
86,55,21,6.803931519
98,35,18,6.252797548
76,57,18,6.092725883
99,56,17,6.234330356
60,44,23,5.722579819
74,48,17,6.430616465
89,60,17,5.983952675
69,51,23,6.80163854
96,46,22,6.499936446
61,60,15,6.265564338
74,58,18,6.727303282
74,43,23,6.325235159
63,43,17,6.807487794
99,36,20,6.671085817
77,36,23,6.648725327
87,60,23,6.439071996
60,38,17,6.474476516
94,54,17,5.871647806
95,38,22,5.730617109
84,44,21,5.850439831
77,58,19,5.791649933
66,44,20,6.740000688
63,35,16,6.272417541
79,45,20,5.715208817
72,60,25,5.773454729
67,51,24,5.584171461
86,36,24,5.787268394
76,48,18,5.77597783
75,53,18,6.864793607
81,45,23,6.192360003
73,45,21,6.636803223
71,35,24,5.826426917
96,54,22,6.960358276
99,39,18,6.11275104
62,48,20,6.708446922
86,37,16,5.561510732
94,50,19,5.873242491
76,39,24,6.995843776
77,52,17,5.714799723
74,39,23,6.78073637
81,49,20,5.513697923
63,42,21,5.798423908
99,38,21,6.352471866
90,52,25,6.822586546
68,40,19,6.655426355
60,57,24,6.121294041
71,52,18,5.790770203
61,59,17,6.47444292
88,38,15,6.455116637
65,60,22,6.606984086
78,37,22,6.330554389
78,58,15,6.528631266
92,60,23,5.721667141
79,59,17,6.644205485
91,55,15,6.376651091
76,51,18,6.247040422
87,48,25,6.656730008
71,60,22,6.2048017
90,57,24,6.158860284
67,35,22,6.385684214
60,54,19,6.417820493
83,58,23,6.381201909
83,57,19,6.877869005
40,72,77,7.485996067
23,72,84,6.920251378
39,58,85,5.996932037
22,72,85,6.391173589
36,67,77,7.152811172
32,73,81,5.988992796
58,70,84,6.231049028
59,70,84,7.550808267
42,62,75,7.010570541
28,74,81,8.753795334
58,66,79,8.718192847
43,66,79,7.976607593
58,63,81,6.515499549
23,62,85,8.490127142
27,62,77,6.576415562
28,72,84,6.481783043
50,56,76,7.966605025
39,71,84,8.140825437
25,78,76,7.228963452
31,70,77,6.492546046
26,80,83,7.528599957
25,68,77,7.701446446
31,78,76,8.519975748
60,68,83,6.620900869
59,62,83,8.104396058
22,67,78,6.204090835
36,65,80,6.051091339
59,60,84,7.690962338
54,77,85,7.829211144
43,68,81,6.761599706
28,76,82,6.654425315
42,79,85,6.129533877
32,60,83,8.829273328
22,78,76,8.621662982
31,79,75,8.204862075
28,58,81,6.18042747
57,58,77,7.978996755
49,55,78,7.863113671
46,76,77,6.967843048
54,61,77,6.206582193
38,60,76,8.868741443
59,55,79,8.766128654
36,76,75,8.736337905
57,68,81,8.081095263
35,66,81,6.138243973
35,64,78,7.496645259
52,60,79,8.380185271
27,76,83,6.289614016
57,60,84,6.586777189
52,68,78,6.89655198
43,79,79,7.806747656
44,74,85,7.150681303
24,55,78,6.64919573
29,77,75,7.778591618
20,60,78,6.358740355
56,67,78,8.255450758
37,66,85,6.456148474
49,71,76,6.613072145
59,69,80,8.165359297
20,79,77,7.64867466
24,56,85,6.545888558
51,72,75,7.104224797
57,73,85,7.358099622
22,64,82,6.4740245
52,73,79,7.840339389
29,75,75,7.064790365
44,59,78,7.599033472
41,69,82,6.715587232
52,56,85,6.81712422
34,76,80,7.985417393
42,74,83,7.545258424
34,71,79,7.728998197
27,73,79,7.354973451
30,70,79,7.313122235
57,57,75,7.785039076
27,79,82,6.307004923
32,71,85,6.403982316
31,76,82,7.599279991
33,75,84,7.217018459
47,80,77,7.561108006
54,62,80,7.489545074
47,79,78,6.609696734
35,57,83,7.476800943
53,73,77,7.325451279
45,61,78,6.489389282
37,78,79,7.786366322
30,75,81,6.408437886
37,55,82,8.423873703
53,65,76,8.719960893
22,60,85,7.811997977
60,61,78,6.317153205
42,67,77,7.114405288
39,76,76,8.135900726
35,63,76,7.714153038
30,65,82,7.103798069
57,56,78,8.861479668
48,65,78,7.861128148
36,56,83,7.4526709
40,58,75,7.168096055
49,69,82,7.26311855
13,60,25,5.68597166
25,70,16,5.759237003
31,55,22,5.873171894
40,64,16,5.926676985
2,61,20,5.95561668
26,65,22,5.949949081
17,57,21,5.789214289
26,80,18,5.581021521
17,59,17,5.689858133
27,59,22,5.794158504
28,58,24,5.748190463
25,57,19,5.566522896
28,80,17,5.809419584
25,60,22,5.887263027
12,78,23,5.99812453
6,77,25,5.792744849
22,79,17,5.912289889
27,80,15,5.788386951
10,55,23,5.728233081
23,65,20,5.833940084
19,78,16,5.967533236
19,65,25,5.625096446
22,70,19,5.515615023
37,64,22,5.954665349
11,71,17,5.74644777
18,79,20,5.877347515
21,63,17,5.979973965
24,80,22,5.635993966
34,60,22,5.635231778
16,75,21,5.679224346
17,77,23,5.670062975
37,72,18,5.724242065
40,73,20,5.811314232
9,77,17,5.783425416
1,62,23,5.607808432
33,59,22,5.946999529
23,59,19,5.852046999
6,62,22,5.824090984
25,63,20,5.502999119
7,79,23,5.821649914
8,72,17,5.711439256
27,64,15,5.514927264
28,66,23,5.99616119
32,57,18,5.695422863
27,56,22,5.833010958
17,77,24,5.568456899
0,65,15,5.645435626
13,72,21,5.821194486
34,60,23,5.659254981
9,80,19,5.945465949
11,72,20,5.951177452
3,67,24,5.520880014
35,69,23,5.578410206
3,77,25,5.608165195
23,62,19,5.609435128
22,71,17,5.509295379
31,79,25,5.902033406
34,59,18,5.744117663
12,63,17,5.717143397
27,56,20,5.542690119
7,63,24,5.858617867
24,67,22,5.618844277
11,71,24,5.606620346
37,74,15,5.582178402
25,76,24,5.56503533
34,66,17,5.889614577
20,69,15,5.934136378
37,65,16,5.683548308
18,74,15,5.70836603
4,67,25,5.948164454
37,56,25,5.774755144
5,59,15,5.97229163
11,61,21,5.532100554
22,80,20,5.669560726
12,61,19,5.655726817
5,74,21,5.591704014
27,69,22,5.932323085
31,75,18,5.824208309
36,68,20,5.86442953
5,65,16,5.866744372
32,79,15,5.706198621
11,78,22,5.940546818
0,55,22,5.916779289
14,59,15,5.779090476
29,68,23,5.82738029
32,68,19,5.514234138
17,64,17,5.662699104
13,69,19,5.86390397
14,67,22,5.624690248
9,69,20,5.591560999
20,73,22,5.976312538
40,78,20,5.669236258
27,72,23,5.961934481
14,67,15,5.690065688
7,56,18,5.698371311
27,65,18,5.59503163
30,63,16,5.525904526
37,70,25,5.819403771
27,63,19,5.562201934
22,60,24,5.630664753
3,72,24,6.03160778
40,59,23,5.269084669
33,73,23,5.985792703
27,57,24,6.09186275
10,79,18,5.624731338
30,75,25,6.446091759
40,70,20,5.623490043
38,55,19,5.864623352
35,58,20,5.761702519
38,61,21,4.696518678
33,58,24,5.269504214
16,56,17,7.445444883
31,72,17,5.833031708
16,80,20,7.339320929
27,72,17,6.347929353
40,62,19,4.697750704
18,58,16,4.962661422
3,68,16,4.964887857
26,67,24,5.642813116
16,70,20,5.6093956
24,63,19,4.681576043
9,76,25,5.70951224
16,55,19,6.413543781
28,75,21,6.007508163
16,71,24,4.946369874
24,70,21,5.517208078
38,72,21,5.902103172
9,66,21,5.719889876
34,56,17,4.548202098
1,76,19,6.669529416
6,69,19,4.750929218
26,73,21,4.946263888
27,61,18,5.266227032
27,71,23,7.10959773
36,61,21,5.617008201
17,73,18,5.632353113
26,72,22,4.674941549
17,64,16,7.161797643
14,74,19,6.624966131
39,60,15,5.004074624
6,66,15,6.345806011
8,59,18,6.216814453
2,67,18,5.921666758
1,76,17,6.012719118
16,73,19,4.684079249
23,75,25,7.077170002
32,70,20,6.208843215
28,59,22,7.05181629
5,62,23,4.722222454
36,67,25,6.418062652
1,66,23,4.803564468
24,73,20,4.608695247
17,67,18,5.611510977
5,55,18,7.322097972
5,56,24,5.023115055
37,77,17,5.617122801
13,73,20,5.391560418
6,63,23,5.906596905
16,77,22,6.574209678
25,64,20,4.807776749
34,75,24,4.760038039
20,77,23,5.180271502
35,80,25,4.895927306
14,75,24,6.436160044
36,80,21,7.066087261
7,77,18,6.655918078
29,78,25,5.982854523
30,60,21,5.457871273
20,74,16,4.759490199
19,57,23,7.342409555
3,60,19,4.820788186
5,77,19,6.242052013
5,68,20,5.001038726
37,73,21,5.560224583
9,59,24,4.747352458
20,72,15,7.313517308
31,56,23,5.661826398
0,70,21,4.672437054
21,74,15,6.471862118
13,67,18,5.384762927
27,74,20,5.859813416
29,72,24,6.962386495
5,68,20,6.12166671
39,57,19,6.421748487
22,62,16,4.828936119
18,55,23,6.98571967
39,77,21,4.603563116
13,75,20,6.979540061
27,71,24,7.064973419
26,64,22,5.16516459
23,55,16,5.111488821
4,69,19,5.374358869
20,67,19,5.671419084
7,74,17,5.667419697
17,64,18,6.07938452
35,71,17,6.931924963
11,72,22,6.842744374
20,60,22,6.876572503
10,71,18,6.151029296
33,61,24,4.567446499
3,49,18,3.692863601
22,59,23,4.371745575
36,58,25,8.399135958
4,43,18,8.840656256
29,54,16,8.153022903
32,43,22,5.270749441
14,55,15,8.050304395
5,35,20,9.679240873
25,57,24,6.974978386
11,53,24,7.39389918
40,49,17,6.68727523
38,56,25,7.88118645
27,43,23,5.875333778
24,38,22,8.202706015
23,45,21,8.985348193
29,57,20,5.87707519
31,35,23,7.707595055
0,55,25,4.524171562
7,45,22,9.926212291
17,58,25,6.455592696
11,44,17,8.016210782
22,49,22,3.71105919
9,51,19,5.49091063
28,48,15,9.254089438
26,50,19,6.005242945
36,56,20,7.437078236
8,60,18,3.808429173
24,37,21,5.818219385
22,43,24,4.52363558
36,43,24,3.510404312
22,44,24,6.030447288
17,43,22,5.498340808
8,45,15,4.61136408
7,56,23,5.545219232
36,57,16,8.292875734
11,45,19,3.828031463
6,36,22,8.869532817
17,57,20,3.793575185
4,47,20,4.193189124
9,49,16,7.661537348
25,51,24,9.392694614
36,44,21,4.516154055
21,38,20,5.794289715
37,57,20,7.354286985
32,48,18,5.993513566
29,44,20,8.620107545
25,51,18,9.45949344
10,44,24,8.0344125
23,35,18,5.414492777
9,60,23,6.276004336
3,58,21,9.160691747
22,42,22,7.887658711
12,39,21,8.183844843
39,36,22,9.072011412
32,41,16,7.702287236
30,41,15,5.88509677
19,36,22,6.16496284
4,46,15,3.504752314
21,39,20,7.388007483
35,57,25,8.340398059
22,55,24,8.66077954
35,51,17,3.558822825
17,56,17,5.9565851
28,57,17,9.416003106
22,36,16,8.18422855
11,41,19,5.131779302
38,38,18,6.294130313
23,37,24,7.991902443
25,35,20,8.923095695
40,45,20,6.878498176
23,58,19,5.243634849
2,56,23,7.550090941
3,56,17,8.709291688
26,51,25,7.792508068
39,42,20,8.055908858
27,59,20,4.397698806
24,45,19,5.952384957
7,40,17,8.532078733
15,45,23,7.224193642
26,52,23,4.931890506
20,45,16,4.626212446
34,54,24,5.026003659
19,51,25,3.5253661
29,41,21,8.86979671
20,50,22,9.406887533
11,40,23,5.80428611
15,54,15,8.35495812
35,55,22,8.634929739
9,59,25,7.699200949
40,45,18,5.261285926
35,38,19,9.112771682
14,58,17,4.605700542
40,55,18,7.115994051
18,36,23,7.214078621
35,52,15,9.93509073
4,59,22,8.914074888
22,51,16,8.639586199
33,47,17,8.621514073
2,51,17,5.838508699
16,51,21,3.532008668
19,55,20,7.18530147
8,54,20,7.034214276
36,55,20,6.635968698
10,56,16,6.828187499
22,56,17,6.89077995
9,57,24,7.165121109
34,59,23,6.935804256
31,51,25,7.196774236
0,49,18,6.990095452
21,39,20,7.064782138
28,35,22,7.156563094
17,52,17,6.364967184
24,42,23,6.428054409
28,46,16,6.664187809
21,38,21,6.637677489
34,60,25,6.79385576
19,53,22,6.852884643
31,58,15,7.121571293
19,35,24,6.883308033
24,53,17,6.421271178
13,47,20,6.54450214
31,53,16,6.452006451
28,45,23,6.489259136
31,37,21,6.713410626
33,60,15,6.510840928
34,45,21,6.287380117
13,57,25,6.86308576
33,57,17,6.78415271
32,57,22,6.769415888
23,59,25,6.320768488
35,41,18,6.705008504
6,48,24,6.790736339
29,36,25,7.130278657
4,36,22,7.012740397
10,59,22,7.155685016
14,48,21,6.991242362
8,50,21,6.218923893
20,40,15,7.199495368
36,43,22,6.389882166
14,57,15,6.623438282
11,60,23,7.033012777
10,59,15,6.32400451
7,60,25,6.397636709
2,47,15,6.401455706
20,45,22,6.904587016
2,39,15,6.478557136
27,40,24,7.063022095
35,48,15,6.981758362
4,59,25,6.227134139
1,48,24,6.232836962
36,43,21,7.140437859
11,46,24,6.459252023
34,47,19,6.568795404
21,44,18,7.12851089
17,58,20,6.42937879
25,40,21,6.248900919
2,38,18,6.619891498
9,48,20,6.377568542
37,49,25,6.415459592
36,38,15,6.320662012
40,58,15,6.978400282
30,44,16,6.442335593
1,59,23,7.184398832
9,48,22,6.402926221
14,41,17,7.085982325
35,52,19,6.698574085
31,48,17,6.594739424
4,41,20,6.647965508
30,37,25,7.120032489
9,35,20,6.91380932
20,41,20,7.073048264
37,50,23,6.5304707
34,35,21,6.684381357
14,37,15,6.581351374
23,39,22,6.86483915
5,45,21,6.487124217
22,37,20,6.605733068
40,51,17,6.860602782
27,56,20,6.41874299
31,40,22,6.365513634
38,36,21,6.556372966
6,37,17,6.760694228
6,47,18,6.715276663
24,44,17,6.666380512
25,59,19,6.626629798
32,56,21,6.702772465
8,45,18,7.011030515
19,39,17,6.890156495
39,37,15,6.821747052
33,37,19,7.183189922
26,54,17,6.27258822
21,51,15,6.679127482
22,54,20,6.689825155
29,45,16,6.583381939
4,40,21,6.725551062
10,37,22,7.069747814
4,44,19,6.921993878
20,45,17,6.770955317
23,45,23,6.983130466
25,48,21,6.267684328
56,79,15,7.454532137
25,62,21,7.040056094
42,61,22,7.418650668
42,73,25,6.501869314
44,58,18,6.814410928
50,55,16,7.581442888
35,72,21,7.741418772
30,64,20,6.573531614
27,64,21,7.543804223
50,74,17,6.5408208
39,73,24,7.22405917
57,67,25,7.551364319
52,63,19,6.928898659
55,66,22,7.747775263
51,56,18,6.706505915
36,66,15,6.668238556
59,55,19,7.332375138
50,58,23,7.596802025
30,65,25,7.70650895
20,62,18,7.366542647
58,71,15,6.919243702
25,71,24,7.187721818
52,71,16,7.075886472
40,63,18,6.74441168
20,60,25,6.726469088
48,61,21,6.628264883
49,68,22,7.127064207
48,62,15,7.538631462
32,66,17,7.162357641
21,63,22,6.859409487
20,72,19,7.397190844
25,65,21,6.880245789
41,78,21,6.581313137
53,67,17,7.296972161
39,60,21,6.97297656
25,76,17,7.241148507
21,78,19,6.92009048
57,60,17,7.504608385
56,75,15,7.152272256
49,72,15,7.137004749
24,80,19,6.808041722
49,76,18,7.393631868
28,68,19,7.69950698
55,78,21,6.602888249
50,64,25,6.734447425
34,80,19,6.521217963
20,68,23,7.707332484
55,67,16,6.596719015
23,70,15,7.403623355
53,74,15,7.517097
26,67,16,7.17620823
33,80,22,6.593961761
37,79,19,7.143942758
33,75,21,6.690655045
22,55,20,7.423530351
20,68,17,6.578714843
43,68,20,7.497469256
44,76,22,7.775306272
34,60,16,7.322555223
21,72,17,7.580527339
25,68,19,7.108450121
41,62,15,7.358974541
28,65,23,7.405176138
35,64,15,6.500144962
52,58,16,7.167435834
58,75,25,7.261791753
34,66,19,7.586642101
52,70,16,7.534811833
23,57,19,7.251000789
42,58,25,6.513620918
37,62,17,7.121254928
44,75,22,7.574561547
21,80,20,7.350869792
56,76,16,7.513151076
29,76,15,7.025607706
43,61,20,6.804253866
55,60,15,7.163043872
44,63,15,7.338929556
29,67,21,6.621323612
47,63,16,6.661870999
40,68,17,7.733149554
58,61,15,7.402891666
41,74,18,6.599147298
58,79,17,7.04174124
27,62,24,7.353876754
27,60,17,7.026795359
52,65,20,6.814301033
44,55,25,7.42160832
21,62,24,6.847382891
60,59,22,7.191522601
33,77,21,7.01285529
59,58,17,7.368318809
29,63,17,7.26154329
59,63,18,6.52669158
29,70,15,6.872594461
58,73,16,6.874142175
55,77,22,7.76061831
42,79,23,6.781841984
44,77,21,7.326980454
38,62,25,7.453975408
32,76,15,7.604110177
13,61,22,7.728832424
38,60,20,7.491217102
11,74,17,6.633864582
37,71,16,7.324863481
29,71,18,6.410441476
2,72,18,7.836719564
6,59,21,6.139215944
13,64,20,6.590571088
8,58,17,7.286049978
6,77,20,6.058306161
2,75,22,6.658605362
3,69,23,7.299360767
27,80,24,7.815210661
39,78,15,5.925391795
40,79,17,6.403683619
37,62,22,7.397546271
31,60,24,7.722335992
22,67,22,7.475926645
3,78,18,6.887130053
4,80,16,7.441976825
13,61,24,7.629910253
12,66,20,7.336117221
4,61,21,6.75020529
9,60,21,7.52178027
18,66,22,6.347379185
32,56,18,7.135251532
6,72,15,7.670178119
15,77,20,7.399749291
0,65,24,7.841496029
30,79,22,6.254216611
3,63,16,6.868881708
2,78,23,7.320514721
10,78,18,6.296976913
14,67,25,7.241151936
39,65,23,7.685959305
19,72,15,6.890760124
18,57,21,6.155915975
31,58,15,6.167855382
28,58,25,6.861640036
5,65,19,6.978361689
16,65,19,7.043160241
34,65,19,5.94239222
14,69,19,7.239455147
22,55,16,6.516317561
24,61,17,6.233269045
2,79,15,7.505283615
26,63,17,6.950300686
27,61,15,6.958054839
24,70,16,6.54803469
13,74,25,6.461618577
6,64,23,7.065264073
12,58,23,6.765091462
32,79,22,5.91645379
6,68,18,6.711341147
10,79,20,6.379881442
38,77,22,6.313284268
17,74,17,7.393210848
26,68,24,7.504930973
23,75,17,7.198076286
32,78,22,7.007037515
19,79,19,6.677262562
22,60,18,6.74398035
28,69,16,6.547361618
1,67,21,6.551577598
12,67,23,6.585020303
36,67,20,6.924042372
28,70,21,7.437373666
12,71,19,7.142611056
22,68,16,7.74672376
26,66,22,6.300479414
16,65,16,6.078724107
14,59,22,6.76660668
33,59,19,7.641024177
21,63,17,6.559681838
0,69,21,7.072923306
10,75,17,7.732194788
30,61,18,6.157782589
0,74,17,7.240988401
35,74,22,6.898905799
7,63,24,6.818681086
9,56,17,6.261937875
14,74,15,6.493036868
14,76,20,7.042474679
36,65,16,7.692013657
28,67,21,6.250994223
28,79,16,6.052184881
40,61,22,7.002216044
10,70,19,7.272427638
12,80,19,5.962001484
37,77,20,7.080506001
0,67,22,6.593798387
7,73,25,7.28805662
10,56,18,7.32710972
39,70,15,6.366355781
26,56,22,7.011121216
9,77,17,6.280725549
4,59,19,7.621494566
34,73,15,7.630424083
33,77,15,7.802212437
2,24,38,5.922935513
6,18,37,5.937649578
8,26,36,6.804781106
37,18,39,6.424670614
0,27,38,6.738016221
31,25,38,6.497366677
21,21,38,6.327673765
6,30,40,6.36137446
25,27,41,6.923509371
15,11,38,6.630646083
14,5,36,5.832525853
16,10,41,6.738993954
36,7,37,5.782435567
4,20,41,6.537042717
29,22,40,6.145104401
16,15,42,6.890784045
18,27,41,7.175344328
11,18,42,5.938528744
5,15,38,5.709380472
18,23,44,6.184400085
9,8,40,6.553509673
40,27,45,5.885638185
22,23,44,6.143874691
9,16,39,6.101198974
12,29,40,6.594037135
0,17,42,6.859840821
2,21,44,6.56893406
28,6,40,6.769855664
8,23,44,7.130837931
29,16,36,5.740338002
17,18,43,5.843005428
34,21,42,6.648687274
21,23,42,6.902751061
25,17,40,6.608023872
8,25,36,6.828522375
26,18,42,6.910374919
4,19,42,6.306605528
36,24,41,7.009180374
5,24,40,6.297907579
19,17,39,6.728599215
39,30,38,6.965156738
5,29,44,5.578095745
4,24,43,7.199504273
38,21,35,5.841367187
37,11,36,6.710143266
9,25,41,5.972714857
29,22,43,5.561851831
5,21,38,6.107054808
22,26,38,6.988035315
4,18,37,7.13147457
21,6,41,7.086947687
29,21,45,6.749260456
23,5,44,7.16300467
13,7,43,7.013481515
5,13,37,5.648243649
27,24,41,6.610251186
7,23,35,7.054313823
12,20,39,6.026999326
4,19,43,5.779427402
3,9,45,6.535244251
1,27,36,5.684995235
23,30,44,6.12476108
24,21,42,6.999014379
13,30,37,6.277148771
40,11,44,6.322396027
21,9,40,5.956401828
3,27,44,6.591302797
40,29,42,7.104094929
14,25,40,6.407872061
38,14,37,6.658402594
34,9,36,6.276038961
32,14,37,6.825256236
18,21,35,6.368560522
8,23,38,7.005410734
15,6,41,6.897368477
0,5,36,6.152906502
22,9,44,5.744361602
14,8,43,7.051654924
31,11,45,6.034612928
39,17,45,6.924490731
10,5,42,6.887005997
8,28,38,6.8444019
32,13,42,5.786058032
18,9,40,5.627186257
20,27,41,5.700088663
39,25,36,5.567805185
20,7,45,6.077886012
11,10,45,6.397995609
40,18,43,5.767372539
3,26,39,7.079973241
9,16,36,5.893332378
30,20,38,7.058222596
40,9,41,5.78270695
40,30,35,6.269663963
32,25,35,5.892913826
33,23,45,7.116538883
4,14,41,6.430163481
13,17,45,7.159520979
39,24,39,6.431265737
8,28,37,6.082571701
91,94,46,6.149934034
105,95,50,5.849076099
108,92,53,6.276800323
86,76,54,5.926824754
80,77,49,5.519088423
93,94,53,6.079178788
90,92,55,6.13465588
108,89,53,5.808497604
108,88,55,5.891458107
105,77,52,5.816622479
118,88,52,5.843163161
101,87,54,6.376756633
95,75,50,5.623615687
106,85,53,5.91505509
86,95,49,6.458714879
83,79,55,5.565028635
85,95,47,6.211833161
109,79,45,6.490074429
100,76,45,5.590236025
117,86,48,6.225225239
114,94,53,6.190757459
110,78,50,5.915568968
94,70,48,6.195152442
80,71,47,6.156373499
114,79,51,6.313197204
88,78,45,6.324270089
112,73,48,5.707488987
117,76,47,6.119216009
111,87,48,5.571401169
89,83,47,5.63127166
93,91,47,6.101241579
92,81,52,6.438137279
105,74,45,6.098369122
102,71,48,5.695267822
94,91,51,5.618094446
116,71,47,6.435785799
117,79,49,6.176644228
119,72,55,6.220643671
99,73,53,5.871702211
91,84,52,6.390741836
80,90,47,6.21084479
101,70,48,6.012696655
108,89,53,5.908770059
100,80,52,6.049801781
109,91,53,6.010095853
82,78,46,5.738678895
106,70,55,5.74055541
90,86,52,5.793260262
83,95,50,5.50947065
119,90,48,5.986442306
107,72,45,5.790768046
116,81,55,5.915546415
101,75,50,6.242528278
93,81,50,6.036079266
95,75,45,5.829898502
107,71,55,6.088064451
83,94,47,6.469370954
102,73,54,5.720726906
86,79,45,5.80766417
117,86,53,5.703381728
111,79,53,6.165001278
95,74,50,6.002481605
91,75,55,6.212369363
93,83,46,5.765308943
92,85,51,5.740764682
104,80,54,5.879119455
103,72,51,6.099478745
92,75,45,5.674403359
93,85,49,5.694243847
120,87,52,5.905494703
108,72,46,6.110844721
105,88,54,6.020445317
98,79,50,6.435917308
111,88,55,5.505393833
97,74,45,5.677719902
95,82,48,5.719014989
89,91,55,6.275572298
89,85,55,6.275384607
118,88,51,6.201911642
101,92,45,5.758054257
99,92,47,6.323933647
82,77,46,5.901100841
90,86,55,5.644486582
95,88,52,6.235461772
104,73,46,6.28236237
102,73,52,6.356090905
100,74,52,5.837258235
94,89,48,5.653437902
99,70,46,5.727469947
112,87,48,6.200111068
117,82,45,5.614471478
96,86,51,6.257369799
113,85,45,6.037430836
105,93,46,5.760457558
85,89,51,6.158164422
108,94,47,6.387431383
92,81,52,5.891413895
110,71,54,5.725418961
82,75,55,6.281069505
117,81,53,5.507641778
2,40,27,5.954626604
39,24,31,4.757114897
21,26,27,5.699586972
25,22,25,5.977413803
0,21,32,6.430139436
20,19,35,6.113935087
19,21,34,5.074272692
18,17,31,5.667507706
11,36,33,5.978634285
30,28,30,5.064613314
18,19,27,4.772385986
23,23,27,5.161148592
37,30,34,6.797779227
11,27,30,6.39474303
12,19,31,5.566704378
3,28,33,5.755049971
37,38,32,5.417340525
26,37,30,6.166173834
14,18,30,5.191265116
40,16,35,4.954739564
4,20,25,5.664587011
36,25,33,5.548584852
30,17,31,6.804437106
28,37,28,6.097869767
38,15,30,5.075504537
12,37,30,4.546466109
38,19,31,5.855119268
8,33,29,6.442393461
15,27,28,4.507523551
34,16,25,6.10729559
11,36,31,6.47544932
33,29,34,6.832979509
12,31,26,5.395275719
12,34,28,6.13526938
5,16,31,4.555688532
1,30,29,6.434197756
16,35,31,5.316875978
35,18,26,5.279388967
4,40,26,6.720041791
9,29,34,5.72742254
2,38,33,4.691396195
26,32,32,6.810186079
34,38,31,6.454045329
5,32,33,5.842763773
31,29,26,5.024124684
34,34,35,6.422710539
36,19,32,4.94295037
7,17,26,6.414526606
38,15,27,6.777788126
5,19,25,6.441328044
37,36,26,4.650536197
21,31,32,5.254532213
37,36,27,5.910634533
23,23,30,4.755273631
36,26,26,6.814630246
24,33,35,5.342866119
26,18,30,6.336234624
22,17,26,4.754435025
11,34,32,6.831706773
29,35,28,6.967417766
22,28,26,4.947683034
23,24,32,5.630619901
1,35,34,6.27339822
2,24,34,6.472774648
39,37,25,6.953246506
15,36,27,5.643710216
3,18,31,6.392313973
8,38,32,4.981816523
33,31,34,5.421265283
14,29,32,6.942520105
18,20,26,5.435840509
9,21,32,5.870116071
20,30,27,4.74910393
9,38,25,5.497946899
26,24,34,6.811291098
31,36,29,6.460542749
14,18,35,4.791146778
40,16,35,6.4841522
28,27,34,6.526654345
0,17,30,6.279133738
1,29,29,6.052026047
2,36,31,5.73171945
12,27,26,5.32307197
7,28,35,4.66910839
0,36,26,5.101206389
26,35,31,5.339556562
27,21,30,5.061081874
22,38,31,5.821106036
22,18,31,5.956027059
28,23,28,5.676032581
7,31,27,6.524114355
29,34,26,6.273953676
8,37,33,6.128167757
39,16,27,4.934964765
40,24,25,5.445008416
19,38,26,4.525722333
21,21,30,5.403908328
22,18,33,6.621623545
31,20,30,6.207495815
18,26,31,5.418475257
24,130,195,6.112305667
13,144,204,6.092241627
22,123,205,5.896343436
36,125,196,6.15526103
24,131,196,5.732453638
2,123,198,6.253034534
35,140,197,6.106190557
11,122,195,5.647202395
6,123,203,6.130310493
17,134,204,6.499604931
25,130,197,5.554831977
27,145,205,5.800242694
9,122,201,5.570290539
16,139,203,6.27564088
32,141,204,5.536645599
22,138,195,6.208196881
31,144,202,5.870600622
3,136,205,6.334771461
28,122,197,5.856575335
4,136,204,5.898944282
39,145,201,5.775600435
38,132,197,5.931101816
36,133,198,6.2286454
25,121,201,5.594240603
15,125,199,5.569230319
24,140,205,5.93202852
13,132,203,6.423216506
5,126,197,6.417500829
30,120,200,6.234904253
23,142,197,6.000573725
26,135,203,5.685102769
7,126,203,5.662140095
32,139,198,6.358186848
9,141,202,6.119495295
20,142,196,6.207600783
32,129,201,6.48754639
3,134,199,5.81717753
38,138,204,6.325480034
14,131,198,5.562790949
20,122,204,6.487369687
40,126,201,6.116982944
36,128,204,5.695792761
11,132,197,5.734317007
0,137,195,6.329499832
19,123,200,6.167013532
31,136,197,5.653776058
4,134,200,5.840256272
39,139,201,5.539980812
8,127,196,5.833302165
39,138,203,6.399433771
32,120,204,6.138958698
12,142,203,5.972850838
8,133,195,6.456079585
8,139,199,6.336426667
21,134,202,6.425419926
40,140,195,6.294395676
39,127,202,6.477768039
19,120,195,5.931538447
21,139,201,5.980598579
17,136,195,6.389783283
33,139,203,5.693287415
22,133,201,6.00299607
32,130,196,6.372959542
37,135,205,5.510924849
15,140,195,5.69945282
39,132,196,5.778594403
40,121,199,6.315586313
40,132,202,5.971813006
29,142,203,5.891195653
32,121,199,6.129812716
6,140,205,6.313085601
8,120,196,6.053662544
34,133,202,5.804799142
35,135,199,6.400719746
16,145,199,5.953966361
8,136,201,5.609255992
25,129,195,5.777271492
16,130,201,5.682395429
39,129,203,5.863996687
38,135,203,6.444373116
33,120,205,5.550832178
35,125,204,6.107741788
1,132,200,5.620745638
39,140,203,6.349875906
28,145,202,6.484323189
6,128,200,5.838748311
6,139,199,6.29099842
29,122,196,5.638328481
37,144,197,6.415555956
38,120,197,6.323722572
38,141,198,5.757009965
14,121,203,6.158689406
6,125,204,5.733539807
32,138,197,5.908724337
11,124,204,6.361141107
23,138,200,5.96537863
40,143,201,6.476757723
6,142,202,6.224542938
37,124,195,6.209928251
35,134,204,5.841138354
119,25,51,6.283818329
119,19,55,6.818261383
105,30,50,6.37620108
114,8,50,6.581587932
93,22,52,6.932739726
80,26,55,6.140099215
85,27,45,6.467095849
85,22,53,6.849471704
82,22,45,6.512196212
118,13,54,6.039584629
83,25,53,6.057697106
86,15,47,6.423898762
101,10,47,6.936997681
119,9,50,6.251286661
104,17,46,6.190015912
95,12,51,6.681606702
102,14,52,6.51075991
109,21,55,6.770278088
81,18,50,6.429788073
103,17,51,6.209888345
105,14,50,6.419052193
97,8,52,6.237861736
120,19,49,6.762471629
95,16,55,6.612847999
83,29,52,6.704688865
83,9,45,6.049609892
91,21,50,6.762030215
116,5,54,6.65398725
112,28,54,6.738030547
88,29,51,6.095689937
118,15,45,6.538006356
92,21,48,6.377427122
106,14,45,6.417011754
99,5,47,6.649086972
98,8,51,6.25933595
108,22,46,6.121168559
119,7,55,6.031424482
117,27,48,6.835268184
109,10,53,6.551750306
80,16,46,6.940236218
100,18,52,6.87606733
91,7,53,6.457216535
86,6,53,6.921847888
107,5,52,6.881425746
103,16,49,6.915717008
101,20,48,6.206247494
85,25,47,6.29542477
84,7,51,6.399669044
102,28,54,6.862157042
98,25,52,6.224066378
97,25,50,6.093814669
90,16,45,6.291540278
95,12,46,6.32281728
82,23,49,6.873283991
82,25,51,6.074209622
110,28,46,6.49889585
118,21,51,6.678805092
120,20,45,6.114128685
91,7,52,6.405054243
81,6,55,6.110142735
101,13,54,6.828982708
101,17,55,6.451499764
111,6,53,6.313512999
107,10,49,6.755192025
115,11,46,6.623167177
84,25,52,6.12532356
120,7,47,6.653867608
91,12,46,6.343942518
89,22,52,6.217300786
113,19,46,6.286387658
97,22,50,6.7698938
117,30,50,6.744966312
90,14,52,6.391858432
104,23,47,6.770434148
81,16,45,6.727468157
88,5,47,6.662244646
92,7,45,6.944640222
81,18,50,6.507110986
111,5,55,6.520663422
108,23,51,6.106500787
113,30,50,6.277484043
83,10,53,6.195142279
101,11,51,6.792035575
114,21,55,6.472756256
99,6,45,6.000975617
92,20,55,6.587791262
92,7,48,6.956508826
91,24,55,6.259086583
110,21,54,6.747537642
112,25,51,6.932537231
89,25,54,6.353107393
100,10,53,6.211748957
83,22,54,6.277245254
95,14,50,6.560443519
119,30,49,6.903020221
97,12,47,6.765094964
110,7,45,6.189213927
96,18,50,6.904241707
83,23,55,6.463271076
120,24,47,6.260838965
115,17,55,6.776533055
114,27,48,6.528404378
101,25,52,6.750145572
118,18,52,6.562832807
95,26,45,6.117530021
81,25,49,6.076459669
117,24,53,6.293486295
114,30,51,6.069171847
113,6,52,6.740983646
108,26,52,6.201797639
81,30,48,6.041027474
115,9,52,6.019372459
83,7,45,6.704104127
84,21,55,6.494251024
109,26,45,6.224535449
95,27,55,6.160414414
119,5,55,6.168757984
110,14,51,6.085444691
82,18,48,6.159050816
87,14,48,6.606033244
85,9,53,6.447662945
100,6,53,6.105909623
107,12,46,6.559763394
91,13,47,6.14410903
102,25,50,6.099662369
117,25,53,6.413927319
85,21,52,6.075144116
104,25,55,6.123802502
102,24,54,6.698468621
116,25,50,6.088885814
100,17,48,6.367800632
110,25,54,6.425930938
104,25,51,6.469983276
107,11,54,6.094016338
98,26,52,6.150090899
88,17,52,6.646962425
87,25,46,6.379690748
120,8,46,6.732834334
95,13,46,6.126019932
108,22,47,6.161123579
82,13,52,6.442810053
120,23,55,6.732049075
110,22,47,6.243673725
95,23,45,6.266208727
106,10,49,6.350623739
99,12,52,6.002927293
106,20,51,6.342573112
83,11,53,6.163921248
117,19,55,6.121745389
98,26,49,6.130160473
113,20,48,6.440584681
101,17,47,6.185053234
98,7,45,6.157724816
93,22,48,6.776987974
95,21,47,6.431970877
109,12,48,6.708743843
118,12,47,6.010739645
100,14,49,6.365956658
89,9,47,6.668382766
95,16,46,6.74669542
95,7,45,6.031665834
87,6,45,6.40077205
93,20,50,6.448792689
84,29,49,6.251420275
111,5,47,6.274452811
111,5,52,6.135996372
111,15,54,6.194090172
89,11,47,6.327822962
110,15,48,6.212567211
95,30,52,6.640470863
115,12,52,6.685553129
120,25,50,6.327210469
102,11,45,6.35544263
94,5,55,6.085682344
84,18,46,6.781050373
107,22,54,6.630301421
80,18,52,6.484799661
86,18,45,6.566759102
113,28,48,6.170520518
115,18,53,6.012480351
82,20,54,6.541150335
98,22,47,6.341400922
117,25,54,6.150686364
83,15,49,6.438008153
120,16,51,6.547041903
111,5,50,6.399891457
85,21,47,6.186770318
90,23,54,6.159020864
99,29,55,6.660954816
102,11,47,6.504906979
80,18,51,6.706053225
87,21,52,6.067665498
114,8,52,6.419083092
99,6,46,6.39637861
89,25,50,6.375923383
96,13,55,6.700337732
82,26,47,6.565312653
106,21,52,6.286515359
90,15,52,6.448061578
106,16,54,6.585872508
24,128,196,5.521466996
7,144,197,6.133220586
14,128,205,6.226289556
8,120,201,6.321152192
20,129,201,5.587905967
32,137,204,5.824151693
27,139,205,5.772179946
0,123,205,5.790993052
22,144,196,6.499226821
1,124,199,5.658473817
30,122,197,5.573241391
29,121,196,6.079497202
13,126,204,6.383180271
9,139,199,5.867420996
0,133,200,5.708418722
30,143,199,5.7983508
36,140,198,6.28188384
37,137,199,5.697945522
33,121,203,5.605934087
7,144,195,5.85648105
35,128,205,6.041053829
29,128,198,5.685062404
2,143,196,5.669489065
34,140,198,5.751707342
29,144,204,5.800448951
32,141,203,5.821347769
13,144,197,6.28022267
25,143,198,6.027314401
9,137,200,5.636687393
6,144,198,5.559363609
37,126,196,5.596449493
2,120,203,5.893492999
11,143,197,5.875718516
10,141,201,6.386021424
24,142,202,5.710819862
23,138,195,5.795985716
18,125,204,6.046673619
13,121,196,6.443382913
26,122,202,5.617227184
28,123,202,6.442289294
26,121,201,6.162034371
21,137,196,5.812781806
21,135,198,5.765015126
5,144,205,6.184922574
2,123,205,5.739652177
15,133,199,5.824778636
31,130,198,5.554823557
25,143,200,6.024248787
16,143,204,5.631333387
19,122,202,5.811975094
10,125,196,5.730557448
20,139,202,5.66999105
28,123,198,5.682751473
28,136,200,6.245858905
2,131,199,6.017370134
2,140,197,5.53456749
27,138,201,5.952367662
30,127,204,6.126436584
32,145,203,6.406818518
29,139,205,6.155939453
26,126,195,5.878568981
40,136,202,5.935336308
6,124,200,5.971332179
35,138,200,5.67130617
17,136,196,5.882155988
33,134,205,6.08551916
16,143,197,5.90402645
27,120,200,6.110218826
29,145,205,6.212302608
3,141,197,6.142803397
15,123,204,6.365972688
5,136,195,6.264202804
10,136,204,6.276198595
7,141,195,5.514253142
2,129,201,5.682343744
29,138,197,5.830892252
30,137,200,5.603413172
29,132,204,6.0967531
14,139,197,6.056529526
18,125,203,6.160267496
33,143,204,5.814434775
40,144,196,5.987262638
9,143,197,5.570020684
38,135,203,5.965551311
28,130,196,6.062356467
35,142,203,5.895319002
12,129,205,6.119432215
1,135,203,5.624203283
0,145,205,5.52078314
31,121,201,5.731535258
35,131,203,5.893490899
29,140,195,5.560521058
33,138,198,6.222390798
14,140,197,6.071255131
35,145,195,6.231950009
40,120,197,5.889480679
25,132,198,5.732757516
31,137,196,6.400321212
36,144,196,6.496934492
10,140,197,6.229498836
22,30,12,6.354006744
37,6,13,7.511755068
27,13,6,7.335158382
7,16,9,7.813916603
20,7,9,7.129136941
26,27,10,6.079998496
5,23,15,7.408939392
0,18,14,7.207991261
39,24,14,7.189259647
13,23,6,7.365338111
21,17,15,7.455991072
33,12,8,6.822282114
6,9,12,7.028746406
19,7,10,6.118430299
24,18,6,6.285312759
9,11,8,6.559236744
31,8,7,7.163245982
22,17,5,6.945562889
13,5,8,7.474710503
16,8,9,7.601189843
4,13,6,7.561143224
0,25,14,6.361671475
8,7,10,6.929216014
4,23,5,7.477935216
33,14,8,7.684420446
30,7,15,7.825531916
21,29,12,6.438668989
11,14,5,6.946354724
9,8,15,7.994465371
5,18,14,7.434118807
29,25,14,7.781988584
33,12,15,6.052318465
8,16,6,7.106650373
15,14,8,6.22094286
16,7,8,6.420457311
0,12,7,6.969249676
5,25,6,6.011302181
6,8,11,6.600948788
10,5,5,7.817846496
1,17,6,6.8198271
1,30,10,7.291405641
0,23,15,7.598729065
24,27,9,6.157135092
36,11,13,7.1917274
40,21,8,7.418761774
40,22,6,6.488221135
32,18,13,6.044167236
9,10,10,6.010391864
13,16,8,6.949838549
15,9,11,7.907956251
29,11,5,7.639788459
1,15,9,7.53350946
18,5,11,6.251586885
14,22,9,6.543191814
33,15,7,7.651225301
4,6,7,6.708889665
17,16,14,6.625538653
12,20,10,6.528354932
34,29,8,6.450640306
39,28,10,7.181907673
31,25,12,7.016482298
12,6,8,6.388617138
12,29,13,7.57125447
26,11,11,7.609348255
19,24,15,7.137136973
39,21,9,6.354022554
16,29,13,6.196907944
36,29,13,7.829507245
37,23,12,6.395258356
39,9,15,7.992041984
31,5,14,6.583411671
18,12,8,6.206053072
20,20,10,6.976997772
5,8,5,6.562594972
20,8,12,7.260416405
25,21,11,6.460044778
14,19,14,6.699164936
37,18,12,7.401121811
26,15,6,6.912033409
13,22,5,7.764040111
32,25,9,7.796034006
19,7,9,6.969883483
28,7,9,6.730757538
24,30,11,6.601395755
7,17,10,6.465913274
18,23,8,6.41354791
7,20,12,6.475275337
20,23,11,6.407715561
18,14,11,6.550814117
34,11,10,7.36220835
20,29,10,7.36549204
37,24,13,7.8546243
12,8,10,7.995848977
34,10,14,6.725600855
6,13,9,7.786725333
27,30,5,7.656978112
13,8,12,7.105904818
6,7,7,7.199106204
40,17,15,7.871063004
31,26,9,7.566165721
61,68,50,6.793245417
58,46,45,6.576261427
45,47,55,6.751452932
39,65,53,6.560743093
31,68,45,6.938313356
70,68,45,6.991626158
68,62,50,6.977700268
34,65,47,6.833768535
38,68,54,6.739170045
69,64,47,6.993473247
58,51,47,6.757470637
59,47,53,6.850663232
44,64,54,6.74274935
56,57,48,6.506120752
69,60,54,6.98992719
56,58,49,6.69215564
49,55,53,6.544029776
38,51,52,6.927803911
54,65,47,6.721835879
57,57,51,6.99223441
39,52,53,6.704204398
58,67,45,6.702424548
61,64,52,6.641098708
34,62,55,6.585346229
31,48,45,6.563134737
47,46,52,6.502289473
32,68,52,6.800321319
36,59,46,6.721130543
61,51,51,6.574677594
70,54,46,6.919342407
44,56,49,6.519779583
34,68,51,6.687088098
50,59,47,6.747975732
39,70,52,6.65149129
34,61,49,6.502675132
44,60,55,6.825371185
31,62,52,6.99104104
65,62,51,6.511624841
44,57,53,6.93172108
50,47,48,6.712772333
43,50,48,6.63016515
60,46,53,6.761953186
70,68,55,6.691202286
59,62,52,6.608667684
60,58,51,6.840802254
42,60,47,6.834808348
35,66,47,6.953439161
34,65,48,6.665024508
36,54,46,6.662875839
39,64,52,6.678695788
37,52,47,6.54277684
33,47,46,6.839443833
34,48,48,6.805277038
49,54,50,6.762522087
40,65,49,6.678449318
68,52,49,6.577192175
50,46,52,6.734005648
65,63,50,6.524459342
40,49,47,6.501521192
42,53,48,6.758479569
49,55,51,6.676578778
59,62,49,6.941496806
63,58,47,6.864143752
70,65,52,6.583528529
63,50,52,6.751747609
40,64,47,6.893509446
63,58,50,6.720744449
45,58,49,6.827812549
66,69,47,6.912299695
54,67,52,6.586107335
69,67,52,6.827305908
67,68,49,6.821774589
45,57,47,6.656458831
56,50,52,6.770384816
70,50,53,6.933809743
44,47,45,6.579441304
50,60,47,6.92791761
52,51,53,6.985804083
35,68,45,6.612429546
68,69,52,6.813383387
32,55,52,6.9677596
32,55,51,6.57398033
48,62,47,6.803094965
39,69,53,6.964955435
49,61,45,6.764213299
48,57,54,6.617703178
69,66,49,6.52711001
53,55,55,6.709668804
38,61,52,6.620729882
57,64,55,6.583760499
51,57,55,6.676407337
56,65,45,6.751298936
54,66,52,6.867554147
58,55,47,6.742490027
68,70,54,6.986228647
42,59,55,6.979102243
43,64,47,6.825664782
35,67,49,6.617066674
56,59,55,6.551892638
39,64,53,6.598860305
18,30,29,6.420018717
37,23,28,5.740054567
13,28,33,5.686972967
2,21,35,6.293662363
10,18,35,6.381975465
7,11,32,5.542169139
39,5,31,5.551963184
34,6,27,5.860740481
31,30,29,5.558807063
25,7,35,5.55771171
16,18,26,5.568365926
26,10,33,6.07071786
27,8,32,5.627860549
37,18,30,6.38488418
19,15,34,5.685889066
0,19,33,6.234458417
31,20,26,6.443168642
9,17,32,5.842317989
22,11,29,5.955742971
31,6,26,5.741367375
34,6,30,5.948342571
24,6,32,6.387067562
1,8,26,5.562911913
31,13,33,5.85971872
10,9,28,6.282955073
36,27,26,6.25449571
38,24,33,5.973853124
11,6,25,6.081568052
16,14,30,6.37466756
33,14,35,6.027707171
16,6,29,5.868285082
32,11,31,6.205931638
38,14,30,5.570745386
8,6,33,6.095261013
23,6,33,6.025789594
29,25,35,5.542873799
24,14,33,6.366219551
32,12,30,5.579845008
30,25,31,5.804965067
14,21,35,6.121005506
27,22,29,6.000248647
40,5,29,5.820978791
17,11,32,5.620733794
30,30,35,6.001936419
28,10,30,6.305740522
39,7,29,6.362544111
32,20,35,5.588655387
7,15,32,6.182232762
29,17,29,5.959493188
34,15,34,5.677282678
14,23,25,5.612122797
18,19,29,6.206077742
7,21,35,5.764812076
24,27,34,6.203376525
39,29,29,6.143662699
29,8,28,6.100429497
10,24,27,5.708409601
0,29,32,5.868255858
32,11,31,6.461225827
37,10,32,6.165084855
20,29,27,6.047044342
31,29,35,6.137102505
17,30,27,5.894027065
1,12,30,5.56222383
6,13,29,5.832608028
15,28,32,6.218571874
27,24,29,6.142010637
3,23,30,6.078807239
8,26,26,5.702484758
20,28,26,5.547594847
26,18,27,5.836075368
1,6,35,6.231662767
27,30,31,5.718120393
23,7,34,5.852038202
0,26,31,5.547933273
38,6,25,6.156259104
25,12,26,6.436314406
40,5,32,5.981169595
0,19,31,6.271952833
26,9,32,6.470465614
35,30,34,6.141502001
19,30,30,5.826381164
31,13,33,6.342463714
17,29,26,6.071897347
2,30,30,6.331051715
30,13,25,6.413184638
8,15,33,5.50158009
18,12,35,6.338720873
8,28,30,6.015672239
40,22,29,5.735364307
27,10,33,6.465906333
21,20,31,5.855457599
3,9,35,6.318552973
22,16,27,6.006784979
27,8,30,6.008386283
22,8,33,5.665785202
28,27,32,5.764615485
23,21,26,5.901495544
37,5,34,5.779032666
19,26,29,5.67154928
133,47,24,7.231324765
136,36,20,6.925412377
104,47,18,7.633437412
133,47,23,6.827354668
126,38,23,6.176716425
126,50,19,6.628722836
113,41,20,7.256877571
121,45,22,6.443785385
121,47,16,7.723240151
129,60,22,5.947448589
107,45,25,7.227745516
122,59,18,6.219469084
140,38,15,6.021439523
102,49,21,6.253343655
111,40,25,6.187455799
131,35,18,7.057693366
135,43,16,6.720449769
100,46,18,6.431689506
123,39,24,7.453106264
117,56,15,7.368258226
121,36,24,7.352401887
101,58,18,6.652143699
107,42,24,6.144631795
100,41,22,7.318802162
125,39,21,7.954629324
105,60,23,6.207652157
102,46,19,6.631005298
131,49,22,7.306918817
139,35,15,5.898293044
108,36,19,7.238566893
118,45,23,7.977651226
107,51,22,5.983075895
125,60,17,6.785723961
113,37,20,7.393441155
131,52,16,6.486068274
115,48,16,7.175934962
113,38,25,7.388265888
111,41,18,6.10539819
111,53,19,6.419536555
122,48,16,6.307585854
108,46,17,6.93221485
132,41,22,7.810865753
103,42,17,6.527541661
133,50,25,7.569454601
127,37,18,7.041065585
110,39,25,7.208795456
131,38,19,6.814341946
108,38,24,7.442217061
122,40,17,6.854558957
111,50,15,7.884550475
140,40,17,6.006085786
100,40,20,7.432043735
123,50,16,6.498052108
107,36,21,6.205263534
118,50,19,6.360812227
103,51,20,7.046607434
133,57,19,7.947011366
129,47,20,6.281913858
116,52,19,6.114525877
114,40,23,6.753978061
131,60,17,7.425041316
107,43,18,6.745104394
123,44,21,7.641116569
112,49,25,6.470135478
119,44,15,7.091992365
130,59,19,6.520403794
127,53,24,6.127939628
134,52,18,7.994679507
109,36,18,7.524707577
100,48,17,7.827877818
132,52,19,6.436691764
102,37,25,5.907930899
111,39,22,6.135025006
117,51,15,6.044556594
136,36,24,7.59781958
134,56,18,6.691268104
112,54,15,6.175492306
105,56,15,7.272316209
140,45,15,5.801047545
126,46,25,6.757457943
106,49,24,6.983395573
121,53,19,7.976889498
108,60,17,6.558902588
116,56,17,7.979090365
100,52,19,7.903528673
129,43,16,6.73210948
118,44,23,6.691690476
117,43,25,7.839849298
126,37,21,6.61448588
120,48,16,7.456971816
102,45,16,7.2942193
131,56,20,7.762647875
114,40,17,6.363406102
101,37,18,7.63737841
106,46,20,6.200671976
113,38,20,6.364729934
102,53,21,6.913678684
110,39,18,7.766259769
107,58,15,7.55606399
120,60,15,7.288377241
89,47,38,6.002524871
60,37,39,6.033485257
63,41,45,7.121933579
86,40,39,6.207459637
96,41,40,6.090060478
100,35,36,6.346715209
63,37,43,6.661957897
70,43,40,6.176860192
67,55,44,7.251847296
74,40,40,6.386259978
89,53,44,7.319735475
74,46,45,6.025028997
89,41,38,6.344751947
60,55,40,7.02777956
67,43,38,7.299304715
70,38,35,7.014063944
74,49,38,7.488014404
90,40,39,6.626503893
82,35,44,6.239011
73,45,37,6.742688094
85,53,38,6.588017308
81,56,36,7.097586415
84,55,38,6.956682743
80,45,42,7.380396262
76,54,45,6.176618831
76,56,39,6.551130445
81,40,45,6.427726565
76,44,45,6.740947635
69,47,40,6.130136384
82,40,45,6.667633355
69,57,35,6.186814392
81,36,38,6.334837865
67,60,38,7.16214284
72,51,40,7.422318499
65,39,45,6.768001309
78,50,43,6.348441469
77,52,41,6.097294061
89,52,42,6.14132902
62,49,37,7.479248124
90,48,45,6.509174789
66,47,36,6.57256106
80,52,39,7.165696848
89,52,45,7.207457208
77,51,44,7.124333547
94,37,41,6.463538707
75,41,35,6.856833064
60,55,36,7.132389299
62,56,35,6.235357638
84,40,42,6.704273839
100,56,40,7.433313409
75,56,44,6.109478059
78,46,42,7.095413294
82,48,36,6.352076783
100,58,41,6.658769991
88,50,40,7.051822472
67,41,40,7.333143205
72,42,43,6.352771037
89,40,43,7.124050134
89,57,43,6.998787171
61,41,44,6.537914958
79,45,43,7.171054239
84,40,43,7.228268228
98,43,35,7.319952206
75,36,44,6.613341343
89,58,35,6.096838784
91,41,37,6.132570523
77,48,36,7.36008498
66,58,35,7.321619041
62,59,41,7.175170657
82,35,35,7.299076163
61,41,35,6.842966479
99,57,38,6.356295568
70,42,43,6.508342839
90,59,35,7.098227926
73,43,42,6.310699968
67,46,44,7.093328631
84,37,42,6.691074249
72,41,36,6.187746776
71,56,37,6.491506245
64,53,38,6.855362875
65,54,39,7.124571593
60,58,37,6.067302109
86,39,43,6.432051512
90,50,44,6.253408852
91,38,36,7.287318723
87,48,38,7.161865733
72,41,36,6.065898283
71,54,35,7.311077075
82,46,41,6.581693772
71,52,43,6.732826127
80,43,43,6.014572075
77,55,43,6.663559451
95,57,41,6.434610995
63,47,35,7.432768147
93,43,38,6.987332927
87,44,43,6.718725189
88,52,39,6.880204617
90,39,37,6.86106911
90,39,43,6.7693455
84,38,43,7.26158085
91,21,26,7.261313694
107,21,26,7.235070264
83,38,35,7.18915558
108,24,31,6.431899748
116,28,34,6.42321105
116,23,25,6.869720196
109,31,27,6.973839707
89,25,34,7.184801627
118,18,32,6.351823783
111,32,34,6.392048018
84,36,28,6.119892347
85,33,25,6.910823945
99,15,27,6.501157208
81,30,31,7.027585559
95,39,29,7.13411409
81,34,30,6.647765997
80,15,28,6.703270635
104,20,26,7.493191968
109,29,28,6.724688503
100,32,26,6.043485685
100,24,28,7.101661011
83,21,28,7.466900683
120,23,28,6.877799264
104,26,30,6.410992833
108,33,31,7.393825704
91,25,26,7.482414225
86,26,27,6.081172981
98,18,27,6.516312148
111,27,31,6.043330951
84,39,35,6.959404135
98,27,27,7.238109556
118,21,34,7.234258375
103,27,31,6.691541233
82,24,33,6.809593554
86,31,35,6.485761419
88,35,35,6.784460602
84,27,29,7.167092586
120,40,33,6.73410539
106,40,30,6.779984384
113,21,33,7.277422738
117,34,25,7.21270048
80,30,25,7.487266991
88,21,27,7.231166546
113,33,34,6.559817161
87,23,28,6.979590627
113,15,29,6.779230041
98,29,30,6.217974349
97,29,27,7.205078785
85,35,32,6.854011265
82,29,35,6.246872394
103,33,25,6.911066044
112,17,28,6.777417989
99,19,33,6.273741983
120,20,34,6.906124587
114,27,28,7.162802357
100,40,35,6.955787351
108,35,25,6.971963169
115,31,30,6.840927967
87,28,30,6.536676653
82,24,26,6.089443603
94,26,27,7.456460375
87,28,35,6.759211911
118,40,35,7.460174812
87,38,29,6.652642579
92,40,30,6.026287448
97,22,26,6.074190142
99,40,32,7.045543056
89,28,33,6.993236001
112,39,29,6.726528895
111,28,26,6.937352845
114,20,26,7.27905689
117,26,30,7.079850922
111,29,31,6.136286518
119,30,28,6.505203696
116,40,33,7.042089492
95,37,35,6.348337519
86,40,33,7.432322234
117,37,32,6.787658922
105,18,35,6.743417121
109,23,25,7.00733163
80,18,31,7.303033217
101,31,26,6.861235184
103,33,33,7.131435858
93,26,27,7.288211994
104,35,28,6.983732393
116,36,25,6.172090205
107,38,29,6.35118177
101,33,33,6.908671379
107,31,31,6.766184468
99,16,30,6.392791654
103,40,30,6.348316257
118,31,34,6.123796057
106,21,35,7.428523634
116,38,34,6.020947179
97,35,26,6.334610249
107,34,32,6.78006386
99,15,27,6.086922359
118,33,30,6.362607851
117,32,34,6.758792552
104,18,30,6.779832611
